first_name,last_name,email,salary,currency,country
Wini,Bielby,wbielby0@dailymail.co.uk,61836.91,JPY,China
Elvis,McMyler,emcmyler1@tripod.com,89971.42,EUR,China
Florinda,Cuppleditch,fcuppleditch2@nymag.com,61395.39,USD,Malaysia
Hew,Brandenberg,hbrandenberg3@meetup.com,96095.68,EUR,China
Silvio,Rickson,srickson4@vistaprint.com,31048.62,GBP,Philippines
Benedetto,Hubane,bhubane5@time.com,41706.47,GBP,China
Dee,Perott,dperott6@youku.com,145118.28,USD,Madagascar
Carmelle,De Lascy,cdelascy7@de.vu,78911.27,JPY,Indonesia
Lauren,Aicken,laicken8@answers.com,86669.19,JPY,Peru
Bartel,Phin,bphin9@seattletimes.com,64038.41,USD,China
Johnnie,Logsdail,jlogsdaila@bigcartel.com,127283.7,GBP,Iran
Georgia,Donneely,gdonneelyb@house.gov,92856.67,GBP,Ukraine
Hal,Lathey,hlatheyc@clickbank.net,49938.26,EUR,Angola
Nicolle,Burnes,nburnesd@apple.com,97313.49,USD,Indonesia
Lona,Cottle,lcottlee@google.es,59782.12,USD,France
Elena,Cobbled,ecobbledf@pinterest.com,129391.78,USD,Czech Republic
Bonnie,Cliff,bcliffg@sphinn.com,130905.25,USD,Sweden
Felic,Shew,fshewh@irs.gov,144362.02,USD,Poland
Ailyn,Apfel,aapfeli@archive.org,36669.99,USD,Ukraine
Ram,Leonard,rleonardj@surveymonkey.com,79686.88,EUR,Philippines
Tyrone,Lanktree,tlanktreek@epa.gov,59830.27,GBP,Norway
Ralina,Dismore,rdismorel@paginegialle.it,30599.12,USD,Netherlands
Roda,Kenneway,rkennewaym@uiuc.edu,70490.13,GBP,Philippines
Loren,Derrett,lderrettn@harvard.edu,110286.5,USD,China
Jennine,Bucher,jbuchero@sun.com,113926.32,EUR,Russia
Simmonds,Mohun,smohunp@dion.ne.jp,126976.3,JPY,Slovenia
Janessa,Eitter,jeitterq@slate.com,52627.21,JPY,United States
Robinet,Norwell,rnorwellr@hibu.com,46029.75,USD,France
Joice,Shrimptone,jshrimptones@wisc.edu,81241.06,USD,Kuwait
Valene,Bird,vbirdt@uol.com.br,59191.86,EUR,Indonesia
Donall,Berthod,dberthodu@wisc.edu,86532.29,GBP,Ethiopia
Alane,Hawken,ahawkenv@indiegogo.com,115483.26,EUR,Brazil
Agnola,Newberry,anewberryw@google.ru,139233.0,USD,Ukraine
Worth,Leary,wlearyx@usgs.gov,37474.26,USD,Thailand
Englebert,Maddie,emaddiey@npr.org,97969.7,EUR,Afghanistan
Annmarie,Howorth,ahoworthz@xrea.com,62462.43,JPY,Philippines
Lyndell,Tiler,ltiler10@earthlink.net,51004.05,EUR,Venezuela
Danny,Jendrys,djendrys11@skype.com,123340.53,EUR,Argentina
Vincenz,Arnke,varnke12@unblog.fr,47370.8,USD,Nicaragua
Udell,Souch,usouch13@nyu.edu,47754.12,EUR,Canada
Peter,Galiford,pgaliford14@intel.com,110407.92,USD,Peru
Jone,Spowart,jspowart15@imdb.com,90685.01,GBP,Brazil
Nero,Goodbairn,ngoodbairn16@wordpress.org,81674.21,JPY,China
Vassily,Tomlinson,vtomlinson17@ucsd.edu,78108.23,EUR,Spain
Sydney,Hailey,shailey18@cbsnews.com,63502.27,GBP,China
Mellisent,Poulden,mpoulden19@e-recht24.de,100500.95,EUR,Japan
Paulie,Clewes,pclewes1a@independent.co.uk,141718.85,USD,Yemen
Man,Empleton,mempleton1b@weather.com,56918.8,EUR,Vietnam
Ric,Strettell,rstrettell1c@dropbox.com,143291.13,JPY,Czech Republic
Lynn,Christauffour,lchristauffour1d@naver.com,123615.26,JPY,Palestinian Territory
Jenny,Cookman,jcookman1e@npr.org,114984.33,EUR,Colombia
Deborah,Silbermann,dsilbermann1f@uiuc.edu,33724.14,EUR,Philippines
Katine,Champe,kchampe1g@live.com,63094.4,EUR,China
Jamal,Lobe,jlobe1h@addthis.com,115992.15,GBP,Denmark
Parrnell,Ruggles,pruggles1i@vk.com,43776.46,USD,Macedonia
Marena,Ong,mong1j@spotify.com,130868.43,GBP,Indonesia
Lorrie,Butland,lbutland1k@com.com,101088.46,GBP,Japan
Ripley,Bodman,rbodman1l@hatena.ne.jp,68287.79,GBP,Indonesia
Carroll,Greeve,cgreeve1m@cdbaby.com,33388.44,USD,China
Rowan,Monkeman,rmonkeman1n@imgur.com,48694.4,EUR,Brazil
Nathanial,Blues,nblues1o@kickstarter.com,113922.5,JPY,Honduras
Garrett,Buscombe,gbuscombe1p@gravatar.com,108668.55,EUR,France
Cher,Floris,cfloris1q@bbc.co.uk,145731.24,JPY,Japan
Novelia,Barrim,nbarrim1r@surveymonkey.com,33714.64,EUR,Cuba
Claudina,Lillo,clillo1s@ifeng.com,126588.69,GBP,Pakistan
Drusie,Botly,dbotly1t@sun.com,35607.04,USD,Indonesia
Seward,Grindlay,sgrindlay1u@hc360.com,50663.44,JPY,Egypt
Jerrie,McNysche,jmcnysche1v@sina.com.cn,97230.76,JPY,Germany
Elysha,Farrington,efarrington1w@cbsnews.com,47439.84,EUR,United States
Graig,Auchterlonie,gauchterlonie1x@cargocollective.com,134327.79,GBP,Portugal
Sadye,McCarroll,smccarroll1y@taobao.com,91356.97,GBP,Guatemala
Simona,Alliker,salliker1z@unesco.org,109360.87,EUR,Botswana
Gwyneth,Cossans,gcossans20@ebay.com,117056.72,GBP,Costa Rica
Nanni,Lies,nlies21@mysql.com,123611.11,JPY,China
Jennifer,MacGahy,jmacgahy22@google.ru,84571.86,USD,Uganda
Ashia,Varley,avarley23@netvibes.com,147403.54,USD,United States
Berti,Paniman,bpaniman24@cdbaby.com,111628.69,EUR,Indonesia
Novelia,Pretley,npretley25@shutterfly.com,120420.94,EUR,Russia
Darbie,Meriot,dmeriot26@e-recht24.de,38269.81,JPY,Czech Republic
Gwenni,Rattrie,grattrie27@earthlink.net,78702.96,JPY,Argentina
Florinda,Drinkale,fdrinkale28@nature.com,139320.52,EUR,Indonesia
Shaine,Flecknell,sflecknell29@bluehost.com,63288.35,JPY,Czech Republic
Germayne,Tremelling,gtremelling2a@123-reg.co.uk,59358.66,JPY,China
Shena,Sheryn,ssheryn2b@aboutads.info,91582.14,GBP,Portugal
Linn,Lowy,llowy2c@com.com,136581.37,USD,Indonesia
Arda,Mapplethorpe,amapplethorpe2d@nps.gov,63581.11,USD,Canada
Orel,Graine,ograine2e@hubpages.com,81025.02,GBP,China
Danyette,Bibb,dbibb2f@ucoz.ru,42919.91,GBP,Brazil
Brnaby,Sings,bsings2g@smugmug.com,124285.57,USD,Indonesia
Warden,Martonfi,wmartonfi2h@flickr.com,95846.89,USD,United States
Oby,Flowerdew,oflowerdew2i@wisc.edu,148344.77,JPY,China
Odo,Welbrock,owelbrock2j@xing.com,58301.95,JPY,Czech Republic
Claire,Ruddiforth,cruddiforth2k@addtoany.com,32269.02,EUR,Chile
Emera,Berdale,eberdale2l@behance.net,110585.22,EUR,Russia
Thaxter,Winterscale,twinterscale2m@bbb.org,71453.34,EUR,Indonesia
Silvan,Luckey,sluckey2n@japanpost.jp,138828.45,USD,Panama
Griffith,Baggallay,gbaggallay2o@istockphoto.com,63819.17,EUR,Russia
Cobbie,Bladon,cbladon2p@tinypic.com,143354.91,USD,Philippines
Marlane,Williscroft,mwilliscroft2q@nifty.com,48977.8,USD,Ukraine
Cedric,Ussher,cussher2r@fastcompany.com,100376.39,EUR,China
Neil,Burford,nburford2s@apache.org,91502.44,USD,France
Maxim,Odgers,modgers2t@imgur.com,78843.85,GBP,Sweden
Floria,Mindenhall,fmindenhall2u@nature.com,134005.65,JPY,Brazil
Robinson,Trunkfield,rtrunkfield2v@topsy.com,61585.03,GBP,Brazil
Mathilde,Pitt,mpitt2w@artisteer.com,79915.02,USD,Mexico
Wally,Eggle,weggle2x@bizjournals.com,114093.9,JPY,Brazil
Chelsy,Oswald,coswald2y@liveinternet.ru,42759.52,GBP,Russia
Shandy,Rubenchik,srubenchik2z@surveymonkey.com,62376.77,GBP,China
Ginny,Belcher,gbelcher30@squidoo.com,84715.76,USD,China
Sutherlan,Iannitti,siannitti31@lycos.com,54120.31,USD,Portugal
Krishna,Fahy,kfahy32@dedecms.com,126975.53,USD,China
Sheffield,Paling,spaling33@bloglovin.com,120202.2,EUR,Peru
Lian,Haddow,lhaddow34@dropbox.com,42266.76,EUR,Argentina
Lynsey,Prosch,lprosch35@mlb.com,148330.26,USD,Sri Lanka
Wendel,Ladson,wladson36@indiegogo.com,44447.3,EUR,Finland
Alleen,Pogue,apogue37@deviantart.com,111082.02,GBP,China
Buck,Daymond,bdaymond38@eepurl.com,50366.27,EUR,Indonesia
Ronni,Zaniolini,rzaniolini39@360.cn,116544.0,GBP,Luxembourg
Benji,Alanbrooke,balanbrooke3a@yale.edu,100049.2,EUR,Haiti
Ethelind,Gosden,egosden3b@miibeian.gov.cn,41417.07,USD,China
Esmaria,Simioni,esimioni3c@biglobe.ne.jp,97473.73,GBP,Brazil
Marv,Orans,morans3d@canalblog.com,123686.25,JPY,Nigeria
Israel,Bettles,ibettles3e@elegantthemes.com,37699.82,JPY,South Africa
Noam,Cushe,ncushe3f@noaa.gov,97854.43,JPY,Syria
Valry,Cleever,vcleever3g@princeton.edu,111875.48,GBP,South Africa
Becka,Cuchey,bcuchey3h@archive.org,52242.52,USD,Brazil
Scottie,Hannigane,shannigane3i@oracle.com,95402.42,EUR,Greece
Angelia,Melling,amelling3j@mozilla.com,117662.43,USD,Thailand
Jimmie,MacClay,jmacclay3k@wisc.edu,82438.43,EUR,Russia
Alejoa,O'Henecan,aohenecan3l@tripadvisor.com,132268.49,JPY,China
Petrina,Brigg,pbrigg3m@businessweek.com,51974.16,USD,Mexico
Keven,Bodle,kbodle3n@seattletimes.com,125749.85,USD,Indonesia
Noami,Matonin,nmatonin3o@deviantart.com,112443.12,GBP,China
Barth,Hinks,bhinks3p@naver.com,61729.05,EUR,Poland
Aleksandr,Dunridge,adunridge3q@nationalgeographic.com,108025.77,USD,Pakistan
Koressa,Lamartine,klamartine3r@wordpress.org,97966.52,JPY,China
Candi,Delacour,cdelacour3s@spotify.com,129239.0,USD,Philippines
Karlene,Owtram,kowtram3t@google.com,87658.67,JPY,Philippines
Lawry,Millard,lmillard3u@myspace.com,127777.37,JPY,Brazil
Cody,Wallworke,cwallworke3v@usa.gov,112334.42,EUR,Portugal
Kristian,Blandford,kblandford3w@csmonitor.com,108590.28,GBP,United States
Melvyn,McNirlin,mmcnirlin3x@yellowpages.com,67603.75,USD,Russia
Andriette,Dikle,adikle3y@1und1.de,42426.91,EUR,United States
Loren,Sloyan,lsloyan3z@youtu.be,80948.61,GBP,Greece
Elyssa,Heggs,eheggs40@hexun.com,82462.25,JPY,Portugal
Anabelle,Freed,afreed41@ox.ac.uk,112036.3,GBP,Japan
Dedra,Dosdell,ddosdell42@xing.com,54815.11,USD,Philippines
Kiele,Instrell,kinstrell43@wikispaces.com,146482.98,USD,Mexico
Sinclair,Rosenwald,srosenwald44@ebay.com,89837.45,EUR,Ivory Coast
Gar,Agnolo,gagnolo45@businesswire.com,143288.59,USD,Brazil
Sherwynd,Dugan,sdugan46@geocities.com,133007.35,EUR,Indonesia
Raquela,Torregiani,rtorregiani47@bloomberg.com,135037.24,JPY,Philippines
Sisile,Pietruszka,spietruszka48@independent.co.uk,120727.13,EUR,Portugal
Allan,Jervoise,ajervoise49@gov.uk,78468.46,GBP,Brazil
Patrice,Oxnam,poxnam4a@aboutads.info,111944.83,GBP,Indonesia
Krispin,Ranshaw,kranshaw4b@howstuffworks.com,32515.28,JPY,Philippines
Renell,Bolver,rbolver4c@mac.com,50277.49,USD,Poland
Derril,Moreton,dmoreton4d@cloudflare.com,86143.49,USD,Philippines
Paulita,Pickett,ppickett4e@sciencedaily.com,91670.66,GBP,Belarus
Franz,Stempe,fstempe4f@joomla.org,112962.72,GBP,Sweden
Fielding,Heustace,fheustace4g@vinaora.com,149721.54,JPY,China
Julita,Fullalove,jfullalove4h@unc.edu,107540.84,JPY,Greece
Arabele,Rilston,arilston4i@fastcompany.com,87384.92,JPY,Poland
Cyb,Woodbridge,cwoodbridge4j@wiley.com,124715.87,EUR,Vietnam
Christoper,Mallison,cmallison4k@telegraph.co.uk,64793.0,JPY,Indonesia
Jere,Bothwell,jbothwell4l@tripod.com,82454.71,EUR,Philippines
Jamil,Ball,jball4m@networksolutions.com,47302.77,EUR,Sweden
Engracia,Riddoch,eriddoch4n@cisco.com,130135.38,EUR,Russia
Shena,Seden,sseden4o@163.com,46475.67,GBP,China
Ranee,MacCurtain,rmaccurtain4p@cbsnews.com,60875.82,EUR,Indonesia
Sigismondo,Winley,swinley4q@comsenz.com,105581.79,JPY,France
Marcellus,Dahlback,mdahlback4r@statcounter.com,107548.57,GBP,Greece
Roderigo,Ronnay,rronnay4s@uol.com.br,66324.9,GBP,Philippines
Egan,Rabjohns,erabjohns4t@state.tx.us,115392.65,EUR,China
Thurstan,Marquese,tmarquese4u@ehow.com,147381.68,EUR,France
Alisun,Flageul,aflageul4v@free.fr,42042.03,GBP,Indonesia
Amos,Hammer,ahammer4w@imgur.com,38482.62,GBP,Palestinian Territory
Arielle,Abbess,aabbess4x@godaddy.com,135405.41,USD,Portugal
Jeanette,Swanson,jswanson4y@tumblr.com,37132.94,EUR,Netherlands
Trisha,Gilbody,tgilbody4z@cornell.edu,68231.32,JPY,Ukraine
Elva,Bog,ebog50@theglobeandmail.com,69058.36,EUR,Japan
Curr,Cowlin,ccowlin51@dedecms.com,98233.13,USD,Indonesia
Barbaraanne,Philipeau,bphilipeau52@cisco.com,117801.81,JPY,United States
Amara,Mainstone,amainstone53@reuters.com,61648.92,JPY,Papua New Guinea
Cinnamon,Le Brum,clebrum54@chronoengine.com,144600.72,GBP,Czech Republic
Zara,Adney,zadney55@unesco.org,42527.75,EUR,Albania
Raquel,Champkins,rchampkins56@patch.com,105491.04,USD,Uganda
Miller,Radleigh,mradleigh57@columbia.edu,79808.18,JPY,Japan
Delainey,Gogarty,dgogarty58@barnesandnoble.com,132225.53,GBP,Sweden
Elonore,Morpeth,emorpeth59@cdc.gov,129727.07,USD,El Salvador
Marice,Ogilvy,mogilvy5a@cocolog-nifty.com,83735.75,EUR,Sweden
Doroteya,Luckes,dluckes5b@engadget.com,32529.3,JPY,Botswana
Michel,Shadbolt,mshadbolt5c@census.gov,62423.04,GBP,Slovenia
Brear,Conway,bconway5d@dailymotion.com,42935.3,EUR,Cyprus
Arman,Harryman,aharryman5e@xing.com,145111.54,GBP,Portugal
Waiter,Devon,wdevon5f@yelp.com,45578.61,GBP,Philippines
Roddie,Minster,rminster5g@vkontakte.ru,75950.53,JPY,Portugal
Kippar,Lorente,klorente5h@de.vu,120495.83,USD,Thailand
Tonye,Weddeburn - Scrimgeour,tweddeburnscrimgeour5i@globo.com,97500.42,USD,China
Adda,Bullan,abullan5j@51.la,145605.01,USD,Austria
Jecho,Wickersley,jwickersley5k@mit.edu,102482.12,JPY,Portugal
Bryana,Straniero,bstraniero5l@linkedin.com,41018.0,EUR,Senegal
Enos,Milne,emilne5m@tumblr.com,40217.33,GBP,Thailand
Valery,Bowlands,vbowlands5n@istockphoto.com,107704.01,EUR,Ukraine
Rosene,Picker,rpicker5o@constantcontact.com,117441.13,EUR,Brazil
Celestia,Miere,cmiere5p@mapquest.com,36441.89,GBP,United States
Andreana,Hawker,ahawker5q@irs.gov,75978.52,JPY,Philippines
Kassey,Kennan,kkennan5r@spiegel.de,144710.73,EUR,Philippines
Howard,Starten,hstarten5s@buzzfeed.com,88133.48,EUR,Canada
Norina,Barbour,nbarbour5t@bloglines.com,133989.54,USD,Portugal
Lemmie,Gazey,lgazey5u@sitemeter.com,103049.37,EUR,Sweden
Rock,Hoppner,rhoppner5v@psu.edu,126650.27,GBP,Indonesia
Garrott,Burrel,gburrel5w@shop-pro.jp,35155.06,JPY,Greenland
Aguie,Tatteshall,atatteshall5x@reverbnation.com,75784.04,EUR,Indonesia
Cecilla,Cornejo,ccornejo5y@360.cn,49962.87,JPY,China
Jenelle,Findley,jfindley5z@twitter.com,138651.25,EUR,Philippines
Cherida,MacCollom,cmaccollom60@photobucket.com,37057.17,GBP,Brazil
Novelia,Lockitt,nlockitt61@vinaora.com,32540.73,JPY,Russia
Priscella,Fiddiman,pfiddiman62@tuttocitta.it,97729.15,GBP,Russia
Desiri,Kettley,dkettley63@statcounter.com,92862.06,JPY,China
Katharina,Snellman,ksnellman64@technorati.com,77039.0,JPY,Croatia
Tommie,Hillatt,thillatt65@hostgator.com,89033.23,EUR,China
Othelia,Kobu,okobu66@cbsnews.com,97812.96,EUR,Poland
Gwenneth,Greenan,ggreenan67@ted.com,122107.83,JPY,Cuba
Amabelle,Biaggioni,abiaggioni68@geocities.jp,46577.28,GBP,Russia
Patsy,Armatage,parmatage69@indiatimes.com,137985.05,USD,Japan
Andra,Beardmore,abeardmore6a@ovh.net,120718.4,EUR,Indonesia
Erika,Ozanne,eozanne6b@example.com,58904.05,USD,Indonesia
Nicki,Jeanin,njeanin6c@walmart.com,137751.03,USD,Venezuela
Gaile,Skowcraft,gskowcraft6d@barnesandnoble.com,104915.71,GBP,China
Tate,Bampforth,tbampforth6e@jimdo.com,37034.82,GBP,Philippines
Anabelle,Rudd,arudd6f@hatena.ne.jp,121530.36,GBP,United States
Mavis,Arcase,marcase6g@booking.com,66224.6,GBP,Tajikistan
Tanhya,Boissieux,tboissieux6h@biglobe.ne.jp,81772.4,USD,Argentina
Evy,Raithbie,eraithbie6i@tuttocitta.it,39801.57,USD,Colombia
Jaye,Doogue,jdoogue6j@4shared.com,123122.3,EUR,Thailand
Tait,Tolemache,ttolemache6k@arstechnica.com,90002.64,GBP,China
Kerwin,Wolfer,kwolfer6l@skyrock.com,93797.03,EUR,Azerbaijan
Roxie,Casillis,rcasillis6m@microsoft.com,106355.17,EUR,China
Lloyd,Ghelarducci,lghelarducci6n@msu.edu,31546.04,JPY,Philippines
Ruddie,Rickardsson,rrickardsson6o@google.nl,118211.29,EUR,China
Dore,Hubback,dhubback6p@symantec.com,67359.33,USD,Myanmar
Bennie,Likely,blikely6q@tmall.com,144866.0,EUR,Sierra Leone
Kaile,Duffrie,kduffrie6r@wikipedia.org,123485.88,GBP,Dominican Republic
Myrna,Joblin,mjoblin6s@businessweek.com,42400.35,EUR,Japan
Timothee,De Roos,tderoos6t@w3.org,69011.1,JPY,Malaysia
Juli,Raphael,jraphael6u@thetimes.co.uk,72886.67,USD,China
Dallon,Burbank,dburbank6v@seattletimes.com,145803.45,JPY,Philippines
Jamie,Morit,jmorit6w@macromedia.com,138063.04,GBP,China
Janella,Tatchell,jtatchell6x@jugem.jp,48669.94,EUR,Burkina Faso
Rodrigo,Golborn,rgolborn6y@soundcloud.com,114889.51,JPY,Latvia
Joscelin,Traviss,jtraviss6z@shutterfly.com,142761.98,USD,Germany
Holden,Glanz,hglanz70@cornell.edu,134402.29,USD,Morocco
Doralynn,Barrett,dbarrett71@samsung.com,94375.61,JPY,China
Obediah,Mourge,omourge72@360.cn,47253.89,JPY,China
Eimile,Witson,ewitson73@rambler.ru,34171.68,GBP,Pakistan
Clare,Hoggetts,choggetts74@nhs.uk,56229.57,GBP,China
Byrom,Dassindale,bdassindale75@huffingtonpost.com,103557.74,GBP,Honduras
Sholom,Dobbison,sdobbison76@live.com,139565.66,JPY,Brazil
Trix,Synnot,tsynnot77@dedecms.com,136871.32,JPY,Russia
Evvie,McComish,emccomish78@bloomberg.com,61668.15,JPY,China
Iago,Waistall,iwaistall79@t-online.de,75160.18,EUR,Mauritius
Edy,Trimme,etrimme7a@tripadvisor.com,94257.37,JPY,Russia
Lorilyn,Scoggan,lscoggan7b@xinhuanet.com,139017.91,USD,Russia
Bethena,Scarr,bscarr7c@dedecms.com,44571.47,EUR,China
Othilie,Happel,ohappel7d@over-blog.com,32802.27,JPY,Nicaragua
Dolf,Neesam,dneesam7e@clickbank.net,117171.5,USD,France
Laurella,Ximenez,lximenez7f@yellowbook.com,83314.9,GBP,Philippines
Decca,Coleyshaw,dcoleyshaw7g@wikispaces.com,134945.57,EUR,Nepal
Papageno,Devers,pdevers7h@ask.com,113917.25,EUR,China
Debee,Pennigar,dpennigar7i@psu.edu,44314.25,EUR,Indonesia
Babara,Ostrich,bostrich7j@posterous.com,148941.67,GBP,Poland
Si,Melsom,smelsom7k@tumblr.com,74780.33,EUR,Russia
Di,Makepeace,dmakepeace7l@thetimes.co.uk,128937.3,EUR,China
Nigel,Kolakowski,nkolakowski7m@dailymotion.com,54449.59,EUR,Ukraine
Vinita,Gallafant,vgallafant7n@unicef.org,140324.48,JPY,China
Chickie,Lipman,clipman7o@cmu.edu,65171.31,JPY,Montenegro
Nikolos,Gilbody,ngilbody7p@163.com,54174.11,JPY,Argentina
Murdoch,Widdowson,mwiddowson7q@mozilla.org,34514.56,JPY,Philippines
Rheta,Falco,rfalco7r@slashdot.org,91100.96,GBP,China
Frazer,Pea,fpea7s@bravesites.com,94428.03,GBP,Russia
Heindrick,Tompkin,htompkin7t@statcounter.com,33795.65,EUR,United States
Elly,Lyard,elyard7u@comcast.net,39239.51,EUR,Brazil
Averil,Shingfield,ashingfield7v@admin.ch,76088.34,GBP,Czech Republic
Frannie,Vercruysse,fvercruysse7w@cafepress.com,130049.76,EUR,China
Troy,Checcuzzi,tcheccuzzi7x@apple.com,33200.82,JPY,Papua New Guinea
Hedwig,Byrde,hbyrde7y@odnoklassniki.ru,32535.29,EUR,Uzbekistan
Keir,Shutler,kshutler7z@theguardian.com,138081.38,EUR,Indonesia
Sayre,Shewon,sshewon80@multiply.com,148263.76,GBP,Hungary
Renato,Fullicks,rfullicks81@latimes.com,129966.39,USD,Belarus
Nealon,Waddup,nwaddup82@oaic.gov.au,62189.43,EUR,Brazil
Nessy,McTeer,nmcteer83@dropbox.com,34054.11,GBP,Sweden
Rochella,Heaney`,rheaney84@skyrock.com,42512.45,JPY,Mexico
Ritchie,Lawn,rlawn85@nifty.com,67225.52,USD,Malaysia
Ervin,Ledur,eledur86@statcounter.com,126644.17,JPY,China
Yehudi,Hovert,yhovert87@sina.com.cn,121286.44,EUR,Armenia
Tommie,Harlin,tharlin88@ca.gov,103585.92,JPY,Indonesia
Ilse,Blumire,iblumire89@technorati.com,133111.34,EUR,Philippines
Nestor,Castagnier,ncastagnier8a@pbs.org,117081.95,GBP,France
Menard,Fulton,mfulton8b@digg.com,133269.1,USD,China
Konstanze,Tregensoe,ktregensoe8c@nasa.gov,110646.14,GBP,Russia
Kimmi,Vanne,kvanne8d@jugem.jp,60570.41,EUR,Armenia
Ortensia,Gaule,ogaule8e@wisc.edu,115018.52,USD,South Africa
Grayce,Ilett,gilett8f@indiatimes.com,96622.15,JPY,China
Aurelia,Rissen,arissen8g@discuz.net,127082.92,GBP,Latvia
Jeniece,Ferrara,jferrara8h@google.fr,45575.27,JPY,Indonesia
Cly,Revington,crevington8i@t-online.de,85975.88,USD,China
Paddie,de Juares,pdejuares8j@ocn.ne.jp,59645.26,JPY,Indonesia
Arney,Norvel,anorvel8k@slideshare.net,71042.29,GBP,Philippines
Joletta,Whawell,jwhawell8l@360.cn,55795.2,EUR,Mexico
Wayland,MacMenemy,wmacmenemy8m@blog.com,120061.06,JPY,Portugal
Dalis,Hayselden,dhayselden8n@marketwatch.com,91621.54,JPY,Chile
Lucho,Gillani,lgillani8o@geocities.jp,47323.99,EUR,Afghanistan
Gerhard,Dunnico,gdunnico8p@theglobeandmail.com,123239.88,GBP,Greece
Reade,Arrington,rarrington8q@admin.ch,116161.83,GBP,Brazil
Val,McPhilemy,vmcphilemy8r@amazon.co.uk,149821.67,EUR,Philippines
Deny,Beddall,dbeddall8s@weibo.com,87693.95,GBP,Indonesia
Arthur,Quye,aquye8t@hexun.com,116131.74,JPY,France
Jessica,Penhaligon,jpenhaligon8u@theglobeandmail.com,47698.56,USD,Uzbekistan
Iolanthe,Pointer,ipointer8v@ebay.com,82480.4,USD,Philippines
Hendrika,Crebott,hcrebott8w@cnbc.com,122780.18,USD,United States
Armin,Rentz,arentz8x@moonfruit.com,101943.83,GBP,Poland
Guinevere,Doran,gdoran8y@dagondesign.com,37550.82,EUR,Spain
Reinhard,Baskerville,rbaskerville8z@xrea.com,111107.06,USD,Canada
Dodie,Gapp,dgapp90@weather.com,32014.77,JPY,United States
Maxwell,Ditt,mditt91@phoca.cz,51045.48,USD,Vietnam
Godfry,Dunmore,gdunmore92@baidu.com,117239.04,EUR,Russia
Aleda,Gook,agook93@de.vu,88320.77,EUR,Russia
Javier,Batchan,jbatchan94@theatlantic.com,146085.48,JPY,Mexico
Fredelia,Pirdy,fpirdy95@blogspot.com,57868.9,GBP,Mongolia
Normie,Wadwell,nwadwell96@opensource.org,108286.48,USD,Latvia
Lishe,Uttley,luttley97@admin.ch,55390.95,EUR,United States
Fidole,Maccaddie,fmaccaddie98@cmu.edu,71796.71,EUR,Thailand
Fredelia,Dorow,fdorow99@senate.gov,87407.85,GBP,Macao
Keely,Reuble,kreuble9a@squidoo.com,149424.09,JPY,China
Karrah,Groves,kgroves9b@timesonline.co.uk,42935.16,USD,China
Kelvin,Empleton,kempleton9c@uiuc.edu,91662.44,USD,Peru
Misha,Leijs,mleijs9d@walmart.com,85032.5,USD,China
Stern,Prattin,sprattin9e@businesswire.com,108172.55,USD,France
Trace,Larive,tlarive9f@ocn.ne.jp,108129.91,EUR,China
Erik,Armor,earmor9g@google.com.au,77456.65,EUR,Croatia
Alejoa,Askwith,aaskwith9h@utexas.edu,122533.54,EUR,Philippines
Archibaldo,Foxen,afoxen9i@netscape.com,74099.2,EUR,China
Nora,Troth,ntroth9j@about.me,56500.18,JPY,Japan
Cammy,Aartsen,caartsen9k@rediff.com,70574.75,JPY,Indonesia
Ileane,O'Carney,iocarney9l@apache.org,143586.96,JPY,Russia
Neely,Canete,ncanete9m@squidoo.com,48971.61,GBP,Indonesia
Pip,Ondracek,pondracek9n@si.edu,73971.42,GBP,Indonesia
Derek,Birchenhead,dbirchenhead9o@jiathis.com,70492.02,USD,Indonesia
Venus,Kliemann,vkliemann9p@globo.com,79728.47,JPY,China
Doy,Rattenbury,drattenbury9q@opera.com,77057.35,EUR,Uruguay
Ariadne,Gosford,agosford9r@purevolume.com,112862.46,USD,Paraguay
Jervis,Mc Curlye,jmccurlye9s@craigslist.org,96063.15,JPY,China
Sandor,Foort,sfoort9t@photobucket.com,74200.34,GBP,Ireland
Sheridan,Rowett,srowett9u@github.io,89358.3,JPY,Sweden
Annalee,Merriott,amerriott9v@bbb.org,110511.33,GBP,Russia
Giusto,Ander,gander9w@weibo.com,57243.62,GBP,Russia
Rivalee,Queen,rqueen9x@discovery.com,117740.35,JPY,China
Becky,Davion,bdavion9y@comsenz.com,118106.62,JPY,China
Genvieve,Fullman,gfullman9z@marketwatch.com,89565.68,JPY,Thailand
Kari,Warton,kwartona0@alexa.com,102212.23,GBP,Macedonia
Kinsley,Cadge,kcadgea1@bluehost.com,137950.7,JPY,Philippines
Tuesday,Postians,tpostiansa2@umn.edu,96019.35,EUR,Sweden
Aeriell,Wiffill,awiffilla3@github.com,52488.51,USD,Iraq
Trent,Caesmans,tcaesmansa4@thetimes.co.uk,148483.9,JPY,Sweden
Hope,Pammenter,hpammentera5@sakura.ne.jp,84593.11,USD,Greece
Jorgan,Higgan,jhiggana6@merriam-webster.com,39093.56,USD,Indonesia
Cortney,Lippard,clipparda7@dailymail.co.uk,114524.98,USD,Japan
Dyanna,Cumpsty,dcumpstya8@tumblr.com,91639.93,GBP,Ukraine
Ruth,Stobo,rstoboa9@vimeo.com,59456.61,GBP,Indonesia
Stacee,Skippon,sskipponaa@creativecommons.org,120275.92,EUR,Haiti
Gunilla,Worcester,gworcesterab@plala.or.jp,121547.21,EUR,China
Nestor,Harbard,nharbardac@sun.com,110277.28,GBP,Greece
Dianne,Belf,dbelfad@de.vu,111597.95,GBP,China
Rivkah,Simka,rsimkaae@cbc.ca,134828.26,EUR,Georgia
Don,Walkling,dwalklingaf@fastcompany.com,34584.27,EUR,Afghanistan
Veronika,De la Barre,vdelabarreag@storify.com,99575.42,JPY,Philippines
Chantalle,Wison,cwisonah@drupal.org,41840.69,GBP,Indonesia
Row,Abramovici,rabramoviciai@noaa.gov,86004.95,GBP,China
Celina,Cheers,ccheersaj@wix.com,75423.22,JPY,France
Monroe,Van Giffen,mvangiffenak@prlog.org,114480.83,JPY,Japan
Sonja,Leal,slealal@bluehost.com,67403.15,GBP,Greece
Marylin,Elstow,melstowam@yolasite.com,148033.13,USD,Indonesia
Dennis,Demongeot,ddemongeotan@last.fm,54934.22,EUR,China
Constantine,Heddon,cheddonao@etsy.com,45689.96,JPY,South Africa
Fletch,Lotwich,flotwichap@wisc.edu,138717.62,GBP,Guinea
Shanda,Steuart,ssteuartaq@clickbank.net,38624.07,GBP,Sweden
Rolf,Karolovsky,rkarolovskyar@miibeian.gov.cn,105015.89,USD,El Salvador
Marylou,Jansens,mjansensas@sciencedirect.com,32922.58,EUR,Indonesia
Gabe,Cherryman,gcherrymanat@nsw.gov.au,48729.2,JPY,Mongolia
Heath,Walbrook,hwalbrookau@people.com.cn,113851.4,USD,Portugal
Ninon,Prettjohn,nprettjohnav@icio.us,31113.48,USD,Greece
Karin,Drover,kdroveraw@berkeley.edu,35028.24,EUR,New Caledonia
Meriel,Burren,mburrenax@nasa.gov,72107.57,GBP,Dominican Republic
Heather,Romaines,hromainesay@squidoo.com,54499.23,USD,China
Thaddus,Myrkus,tmyrkusaz@webmd.com,78539.41,USD,Sweden
Kizzie,Paulley,kpaulleyb0@noaa.gov,115237.7,JPY,Peru
Lulu,Fullylove,lfullyloveb1@topsy.com,118925.65,GBP,Ireland
Shandee,Daviot,sdaviotb2@google.ca,39652.83,USD,United States
Jennette,Farreil,jfarreilb3@mit.edu,47291.64,EUR,Bosnia and Herzegovina
Sibyl,Robilliard,srobilliardb4@github.io,140268.57,JPY,Canada
Lilias,Pafford,lpaffordb5@kickstarter.com,97555.21,GBP,Russia
Craggie,Jurek,cjurekb6@clickbank.net,116979.33,USD,China
Nelson,Drews,ndrewsb7@epa.gov,52990.42,JPY,Dominican Republic
Adaline,Severy,aseveryb8@nih.gov,83423.43,JPY,Vietnam
Emili,Battleson,ebattlesonb9@unblog.fr,115915.15,JPY,China
Germaine,Zeplin,gzeplinba@cnet.com,80717.44,EUR,China
Dulcie,Cowope,dcowopebb@businesswire.com,112946.79,USD,Thailand
Kelcie,Ugoletti,kugolettibc@qq.com,102514.31,GBP,Indonesia
Myca,Dauber,mdauberbd@elegantthemes.com,37652.97,GBP,Peru
Gerick,Francie,gfranciebe@ning.com,116330.57,JPY,China
Farleigh,Gertray,fgertraybf@fda.gov,67835.47,USD,Czech Republic
Dede,Kirkman,dkirkmanbg@vinaora.com,109348.87,EUR,Sweden
Ami,Eckels,aeckelsbh@cisco.com,115087.32,USD,Indonesia
Muire,Calam,mcalambi@slate.com,113602.81,GBP,United States
Locke,Vear,lvearbj@ihg.com,84192.44,JPY,Brazil
Marlene,Coomer,mcoomerbk@infoseek.co.jp,117913.94,GBP,China
Bernete,Mander,bmanderbl@desdev.cn,42236.01,EUR,Burkina Faso
Toiboid,Cordaroy,tcordaroybm@vkontakte.ru,50423.82,JPY,Japan
Laurice,Scrinage,lscrinagebn@nba.com,93015.59,EUR,Chad
Aaren,Reford,arefordbo@wp.com,71366.9,EUR,Vietnam
Tessa,Heatherington,theatheringtonbp@barnesandnoble.com,144764.63,JPY,Poland
Paolina,Cowlishaw,pcowlishawbq@etsy.com,147733.57,EUR,Indonesia
Siegfried,Vaulkhard,svaulkhardbr@timesonline.co.uk,72069.64,GBP,Luxembourg
Sullivan,Schlagman,sschlagmanbs@joomla.org,101521.08,USD,Portugal
Marylee,Parzis,mparzisbt@umich.edu,38270.59,USD,China
Ainslee,Bonhome,abonhomebu@yahoo.com,108442.43,USD,United States
Melodee,Ellph,mellphbv@discuz.net,89828.62,EUR,Philippines
Hugh,Munt,hmuntbw@ca.gov,107035.69,GBP,United States
Babette,Joinsey,bjoinseybx@theguardian.com,32122.91,GBP,China
Aubrey,Mundall,amundallby@canalblog.com,98706.75,JPY,Germany
Sybilla,Yitzovicz,syitzoviczbz@illinois.edu,37743.97,GBP,Slovenia
Wynnie,Miranda,wmirandac0@booking.com,69604.78,USD,Norway
Pennie,Whilde,pwhildec1@oakley.com,115765.4,USD,Costa Rica
Ainslee,Fernando,afernandoc2@storify.com,133532.04,USD,United States
Teirtza,Chrestien,tchrestienc3@nasa.gov,48518.7,GBP,Indonesia
Chelsy,Richfield,crichfieldc4@over-blog.com,82146.05,GBP,Portugal
Lambert,Spykings,lspykingsc5@wufoo.com,108373.28,USD,Netherlands
Gavan,Rykert,grykertc6@usa.gov,111071.53,GBP,Kazakhstan
Jeniece,Cowcha,jcowchac7@boston.com,106400.67,USD,Peru
Anita,Gollard,agollardc8@zdnet.com,136674.48,JPY,Poland
Estel,Hurdiss,ehurdissc9@dailymotion.com,139514.6,GBP,Sweden
Helyn,Bewick,hbewickca@tripadvisor.com,30283.77,EUR,Ukraine
Carin,Losebie,closebiecb@google.co.uk,35576.16,EUR,Indonesia
Gussi,Daines,gdainescc@cdbaby.com,136268.96,JPY,Poland
Fred,Follet,ffolletcd@themeforest.net,41088.53,GBP,Afghanistan
Martyn,Batterton,mbattertonce@cmu.edu,61917.28,USD,France
Valera,Cruess,vcruesscf@hp.com,62611.34,USD,Poland
Daile,Purcell,dpurcellcg@google.nl,106329.63,EUR,Nigeria
Faulkner,Shakelade,fshakeladech@reverbnation.com,134895.88,EUR,Russia
Dorothea,Bannard,dbannardci@feedburner.com,93990.87,EUR,Togo
Vanya,Ciciura,vciciuracj@theglobeandmail.com,108590.66,GBP,Indonesia
Cacilia,Baudichon,cbaudichonck@irs.gov,89320.74,USD,China
Aldo,Manns,amannscl@stanford.edu,95287.21,JPY,Indonesia
Hatti,Robjohns,hrobjohnscm@pagesperso-orange.fr,82549.59,USD,Brazil
Mirelle,Deyenhardt,mdeyenhardtcn@tinyurl.com,140390.78,EUR,Iraq
Napoleon,Marushak,nmarushakco@ft.com,86335.34,USD,Cameroon
Sheelagh,Fasler,sfaslercp@mapquest.com,115856.21,EUR,Russia
Dietrich,McInteer,dmcinteercq@toplist.cz,46501.22,EUR,Brazil
Pegeen,Albarez,palbarezcr@de.vu,38766.55,JPY,Philippines
Reina,O'Gormley,rogormleycs@princeton.edu,96196.83,USD,Mexico
Lianne,Purveys,lpurveysct@plala.or.jp,50604.57,JPY,Poland
Steffi,Batrip,sbatripcu@tumblr.com,138654.45,GBP,China
Tisha,Youd,tyoudcv@washingtonpost.com,98642.6,JPY,Portugal
Vilma,Coldbreath,vcoldbreathcw@pinterest.com,98050.82,EUR,Tunisia
Putnam,Dryden,pdrydencx@sciencedirect.com,59725.81,EUR,Nigeria
Sheila-kathryn,Vaughan-Hughes,svaughanhughescy@howstuffworks.com,62339.26,EUR,Dominican Republic
Charity,Punton,cpuntoncz@dot.gov,118856.64,GBP,France
Orson,Kluge,okluged0@cisco.com,106180.59,EUR,Germany
Terrie,Andrin,tandrind1@bloomberg.com,63181.21,EUR,South Africa
Corrina,Ferenczi,cferenczid2@who.int,98242.27,GBP,Philippines
Luis,Prestland,lprestlandd3@trellian.com,41926.19,USD,Thailand
Edie,Uzzell,euzzelld4@newyorker.com,140147.71,GBP,Slovenia
Fanya,Fullman,ffullmand5@woothemes.com,97645.3,JPY,Indonesia
Ernest,Goodship,egoodshipd6@people.com.cn,57804.31,GBP,Mexico
Crosby,D'Ugo,cdugod7@booking.com,103210.91,GBP,Poland
Ferdinande,Pau,fpaud8@sakura.ne.jp,104274.79,USD,Costa Rica
Van,Impey,vimpeyd9@nbcnews.com,81662.05,USD,Croatia
Henriette,Moorrud,hmoorrudda@youtube.com,114410.99,GBP,Sweden
Tod,Pickover,tpickoverdb@wikipedia.org,120162.39,USD,China
Brear,Thirst,bthirstdc@ycombinator.com,46533.63,EUR,China
Eugenio,Lavigne,elavignedd@wsj.com,137126.38,USD,United States
Bianca,Duignan,bduignande@amazon.com,68137.49,EUR,China
Pavlov,Edgehill,pedgehilldf@businessweek.com,50383.39,EUR,Indonesia
Hedwig,Hustler,hhustlerdg@nationalgeographic.com,129698.36,JPY,Argentina
Marlee,Cornils,mcornilsdh@mozilla.com,60477.72,EUR,Brazil
Lotte,Sikorsky,lsikorskydi@behance.net,39910.78,JPY,China
Jasun,Harvard,jharvarddj@ebay.com,72783.21,JPY,France
Dina,Groveham,dgrovehamdk@amazon.co.uk,134823.98,GBP,Indonesia
Torie,Sappell,tsappelldl@mapy.cz,110941.83,GBP,Greece
Camella,Crowcum,ccrowcumdm@dyndns.org,91870.45,JPY,Mexico
Deni,Kornas,dkornasdn@arizona.edu,86369.45,GBP,Philippines
Burtie,Longworth,blongworthdo@nhs.uk,138232.33,EUR,Iran
Siouxie,Le Friec,slefriecdp@baidu.com,96526.36,GBP,Poland
Tanney,Avramovic,tavramovicdq@ustream.tv,119939.54,JPY,Portugal
Jamal,Scrowby,jscrowbydr@baidu.com,45220.97,JPY,Russia
Emeline,Kapelhoff,ekapelhoffds@sina.com.cn,62497.12,JPY,China
Christabel,Vaar,cvaardt@army.mil,137642.33,GBP,Tanzania
Mimi,Barzen,mbarzendu@cdbaby.com,126197.98,JPY,Morocco
Regen,Attersoll,rattersolldv@pbs.org,67783.1,GBP,China
Federico,Aikin,faikindw@addthis.com,131986.87,USD,United States
Remy,Torritti,rtorrittidx@comsenz.com,147926.14,EUR,Portugal
Uta,Burgwyn,uburgwyndy@amazonaws.com,131913.25,EUR,Ukraine
Codie,Muncer,cmuncerdz@trellian.com,87217.28,GBP,Russia
Pace,Tosney,ptosneye0@opera.com,47283.83,JPY,Brazil
Dion,Trowell,dtrowelle1@hud.gov,143074.7,GBP,Poland
Cahra,Vero,cveroe2@cnbc.com,130892.87,USD,China
Eugen,Skittle,eskittlee3@newsvine.com,32178.54,JPY,Russia
Devina,Vasyunin,dvasyunine4@netlog.com,76365.35,JPY,Panama
Gregory,Coper,gcopere5@chronoengine.com,56037.94,JPY,China
Leontyne,Callum,lcallume6@smh.com.au,40923.14,GBP,South Africa
Dallas,Easterby,deasterbye7@examiner.com,70900.02,USD,Russia
Veronique,Wandtke,vwandtkee8@comsenz.com,80852.74,GBP,New Zealand
Alene,Doget,adogete9@who.int,87738.11,USD,China
Patrice,Geyton,pgeytonea@livejournal.com,144616.46,GBP,United States
Anita,Bolle,abolleeb@yellowpages.com,30240.76,GBP,Indonesia
Koressa,Stoacley,kstoacleyec@freewebs.com,32898.88,EUR,Russia
Lion,Crow,lcrowed@utexas.edu,125408.52,EUR,Indonesia
Tadd,Crandon,tcrandonee@list-manage.com,70707.62,GBP,Gabon
Lavinia,Siemantel,lsiemantelef@opensource.org,49180.14,JPY,China
Randolph,Nickols,rnickolseg@tinyurl.com,68292.48,USD,Ecuador
Malynda,Roseburgh,mroseburgheh@webmd.com,99053.16,EUR,Indonesia
Aubrie,Fitzhenry,afitzhenryei@washington.edu,33968.4,GBP,Mexico
Burnard,Lorraway,blorrawayej@gmpg.org,108051.48,JPY,Philippines
Venus,Halley,vhalleyek@friendfeed.com,121072.32,GBP,Brazil
Gwen,McPartlin,gmcpartlinel@comcast.net,140617.08,EUR,Indonesia
Deeanne,Colston,dcolstonem@nhs.uk,106819.49,USD,Chile
Egan,Boodle,eboodleen@army.mil,50123.41,JPY,Brazil
Jackie,Jones,jjoneseo@networkadvertising.org,148208.47,USD,Poland
Kassey,Stuck,kstuckep@webnode.com,65195.29,EUR,Philippines
Abbi,Cluitt,acluitteq@thetimes.co.uk,149234.47,USD,China
Tybalt,Donwell,tdonweller@vk.com,75405.05,JPY,Ukraine
Wakefield,Siggs,wsiggses@list-manage.com,38675.33,GBP,Philippines
Alison,Firpi,afirpiet@1688.com,83878.74,USD,China
Aeriell,Janak,ajanakeu@cafepress.com,110278.41,EUR,China
Dina,Eliasson,deliassonev@utexas.edu,30794.6,GBP,Myanmar
Tierney,Simms,tsimmsew@51.la,93533.3,JPY,Japan
Diann,Labram,dlabramex@google.com.br,47656.01,USD,United States
Leese,Devin,ldeviney@storify.com,134651.63,EUR,Indonesia
Brena,Gammack,bgammackez@cnbc.com,136279.81,USD,China
Barclay,Purse,bpursef0@deliciousdays.com,115781.86,JPY,Philippines
Desirae,McKitterick,dmckitterickf1@tinyurl.com,105650.55,USD,Suriname
Kathye,Mouton,kmoutonf2@blogger.com,34603.88,USD,United States
Carmine,Ambroz,cambrozf3@mozilla.com,37507.86,GBP,Portugal
Roman,Brasseur,rbrasseurf4@squarespace.com,92137.99,JPY,United States
Rosabella,Onslow,ronslowf5@sakura.ne.jp,107240.82,EUR,Indonesia
Daffie,Hendrich,dhendrichf6@nih.gov,68425.55,JPY,Russia
Calv,Road,croadf7@princeton.edu,128839.15,GBP,China
Dylan,Wedgbrow,dwedgbrowf8@wikimedia.org,89311.13,USD,Brazil
Dunstan,Reams,dreamsf9@etsy.com,32669.48,USD,France
Alanna,Moody,amoodyfa@state.tx.us,46265.2,USD,Indonesia
Hendrik,Claque,hclaquefb@umich.edu,129688.49,USD,Philippines
Coralyn,Wreiford,cwreifordfc@ucla.edu,89091.02,GBP,China
Rivy,Aery,raeryfd@pcworld.com,74038.14,JPY,United States
Marlie,Walaron,mwalaronfe@arstechnica.com,56963.05,GBP,Russia
Jodi,Hourigan,jhouriganff@ocn.ne.jp,45956.67,JPY,China
Kristen,Lassell,klassellfg@nsw.gov.au,149450.54,USD,Mexico
Amii,Stoggles,astogglesfh@washingtonpost.com,56955.04,EUR,China
Lilias,Garrigan,lgarriganfi@qq.com,100814.06,USD,Russia
Hyman,Saben,hsabenfj@4shared.com,144757.5,EUR,Russia
Sibilla,Arnson,sarnsonfk@google.ru,85374.96,USD,Norway
Jarred,Riddles,jriddlesfl@google.co.uk,128086.29,EUR,Russia
Gert,Danels,gdanelsfm@qq.com,146541.76,EUR,Mexico
Wendall,Spaice,wspaicefn@slashdot.org,86014.34,EUR,France
Hillary,Whapham,hwhaphamfo@wikispaces.com,68537.93,JPY,Philippines
Dori,Stoney,dstoneyfp@elegantthemes.com,126065.09,JPY,China
Nichole,Bogue,nboguefq@devhub.com,69721.91,EUR,China
Karlee,Surgeon,ksurgeonfr@domainmarket.com,97116.31,JPY,Indonesia
Royce,Hasley,rhasleyfs@e-recht24.de,135318.82,GBP,Philippines
Evey,Twelvetree,etwelvetreeft@smugmug.com,58418.94,GBP,Honduras
Rivy,Hourahan,rhourahanfu@intel.com,65229.19,EUR,China
Edward,Kenewell,ekenewellfv@nsw.gov.au,63214.62,GBP,Ukraine
Korey,Stoute,kstoutefw@nytimes.com,108028.34,EUR,Croatia
Waverly,Wheble,wwheblefx@slate.com,135236.89,GBP,Ethiopia
Rani,Schustl,rschustlfy@netvibes.com,129229.43,GBP,United States
Mariele,Claricoats,mclaricoatsfz@godaddy.com,143139.07,USD,Serbia
Donnajean,Devereu,ddevereug0@microsoft.com,34073.98,EUR,Russia
Bail,Laydel,blaydelg1@a8.net,122030.14,GBP,Niger
Humfrey,Mitchinson,hmitchinsong2@wp.com,120694.0,JPY,Russia
Amye,Shoobridge,ashoobridgeg3@de.vu,53468.51,USD,Portugal
Cort,Errigo,cerrigog4@posterous.com,137840.48,USD,Colombia
Kizzee,Ivel,kivelg5@china.com.cn,123500.79,JPY,Thailand
Ly,Wilds,lwildsg6@360.cn,130230.15,JPY,France
Bride,Goaley,bgoaleyg7@shop-pro.jp,88173.92,EUR,Kenya
Brigham,Remmers,bremmersg8@army.mil,57899.62,USD,Philippines
Maybelle,Coventon,mcoventong9@google.es,43982.22,USD,Indonesia
Nata,Mountfort,nmountfortga@t.co,87313.62,JPY,Brazil
Luigi,McGirr,lmcgirrgb@istockphoto.com,57603.16,EUR,Sweden
Asher,Vayne,avaynegc@bloglovin.com,118287.49,EUR,Brazil
Charlot,Sollowaye,csollowayegd@bloglovin.com,47613.54,USD,China
Silvano,Droghan,sdroghange@goodreads.com,126297.83,GBP,Philippines
Gorden,Lowensohn,glowensohngf@edublogs.org,49662.24,EUR,South Korea
Roger,Kilbourne,rkilbournegg@opera.com,140695.31,EUR,China
Willyt,Tootin,wtootingh@paypal.com,65303.42,JPY,Burundi
Forester,Donkersley,fdonkersleygi@topsy.com,103880.09,JPY,Cuba
Joanna,Exer,jexergj@posterous.com,100358.36,USD,China
Sonya,Fittis,sfittisgk@sfgate.com,81559.99,JPY,Portugal
Lilyan,Cottu,lcottugl@fc2.com,124366.06,USD,China
Evelyn,Adamthwaite,eadamthwaitegm@soundcloud.com,106934.11,JPY,United States
Audy,Vannuccini,avannuccinign@sohu.com,97435.79,JPY,China
Brigitte,Bullerwell,bbullerwellgo@biblegateway.com,47761.4,USD,Poland
Artemis,Child,achildgp@mapquest.com,40971.13,GBP,Philippines
Pembroke,Kirkpatrick,pkirkpatrickgq@etsy.com,55802.59,EUR,Sweden
Iolande,Artindale,iartindalegr@pen.io,89024.33,USD,Japan
Teddi,Aiers,taiersgs@imgur.com,85886.13,EUR,Argentina
Dennie,Fewster,dfewstergt@istockphoto.com,70819.58,USD,Colombia
Noland,Hacon,nhacongu@reddit.com,71108.45,EUR,China
Bentlee,Pottie,bpottiegv@mashable.com,35097.86,EUR,Poland
Rozanna,Pane,rpanegw@sogou.com,82707.54,EUR,El Salvador
Tammara,Barhem,tbarhemgx@meetup.com,110932.32,USD,Pakistan
Ezechiel,Botha,ebothagy@miitbeian.gov.cn,81252.38,EUR,Macedonia
Jenda,Cerie,jceriegz@eepurl.com,52266.92,JPY,China
Cris,L'Episcopi,clepiscopih0@cornell.edu,96604.09,USD,Venezuela
Monti,Senechell,msenechellh1@epa.gov,145591.2,JPY,Denmark
Sara-ann,Gillum,sgillumh2@wix.com,43781.0,USD,Thailand
Vi,Glazzard,vglazzardh3@dailymail.co.uk,140807.57,JPY,Iran
Spencer,Thomazin,sthomazinh4@yale.edu,32830.5,USD,Germany
Beck,Ranby,branbyh5@go.com,110369.98,JPY,Serbia
Juanita,Sunter,jsunterh6@amazon.de,46774.88,GBP,Senegal
Natalie,Arrol,narrolh7@hibu.com,98879.24,GBP,France
Jessey,Rought,jroughth8@mlb.com,69876.37,EUR,Sweden
Sauncho,Laban,slabanh9@dailymotion.com,47838.48,EUR,Brazil
Wilton,Klees,wkleesha@dailymotion.com,134241.53,GBP,China
Filmore,Rubertis,frubertishb@joomla.org,92944.53,JPY,Peru
Carmine,Swynley,cswynleyhc@networksolutions.com,38618.68,GBP,Thailand
Donni,Dannohl,ddannohlhd@hp.com,74827.99,JPY,Tanzania
Mariellen,Assandri,massandrihe@blogs.com,72445.57,GBP,Poland
Natal,Dibbe,ndibbehf@networkadvertising.org,62409.61,GBP,Philippines
Allin,Schimmang,aschimmanghg@geocities.jp,66940.57,USD,Thailand
Maria,Gonsalo,mgonsalohh@timesonline.co.uk,117786.85,GBP,Indonesia
Arvie,Fuggles,afuggleshi@fema.gov,42701.33,GBP,Peru
Addison,Aubert,aauberthj@gizmodo.com,52352.88,JPY,Kyrgyzstan
Wyatt,Burness,wburnesshk@php.net,44003.73,EUR,Poland
Taffy,Harrop,tharrophl@wikia.com,109135.75,JPY,Philippines
Allix,Housecraft,ahousecrafthm@icio.us,97840.69,JPY,China
Derril,Handsheart,dhandshearthn@lycos.com,97132.03,GBP,Vietnam
Tann,Diamond,tdiamondho@edublogs.org,130772.06,JPY,Russia
Elsbeth,Hablet,ehablethp@marriott.com,92442.34,USD,China
Thom,Ockwell,tockwellhq@jugem.jp,52919.44,EUR,United States
Nadia,Antoniottii,nantoniottiihr@mapquest.com,147096.29,GBP,Colombia
Ardath,Golda,agoldahs@ted.com,94209.93,USD,Ukraine
Hadley,Cowwell,hcowwellht@example.com,121322.8,GBP,Uruguay
Cosimo,Bichener,cbichenerhu@t-online.de,146195.99,EUR,Indonesia
Leigh,Lilywhite,llilywhitehv@timesonline.co.uk,139233.68,EUR,Albania
Kelcie,Bladon,kbladonhw@nsw.gov.au,136232.17,EUR,Indonesia
Jandy,Shreeve,jshreevehx@census.gov,79963.94,USD,China
Lynea,Roderighi,lroderighihy@census.gov,126655.65,USD,Indonesia
Tudor,Buntine,tbuntinehz@thetimes.co.uk,69448.08,EUR,Serbia
Ingelbert,Walak,iwalaki0@ed.gov,85542.12,JPY,China
Yancy,Felmingham,yfelminghami1@prnewswire.com,119760.81,GBP,Poland
Gayleen,Argente,gargentei2@privacy.gov.au,50067.11,EUR,Philippines
Umeko,Dorcey,udorceyi3@google.nl,99131.87,JPY,France
Erhard,Upex,eupexi4@wp.com,131903.83,EUR,Indonesia
Blake,Rottcher,brottcheri5@163.com,117945.24,USD,Ukraine
Meredith,Murie,mmuriei6@rediff.com,68752.41,EUR,Croatia
Adams,Ioselev,aioselevi7@arstechnica.com,53392.56,USD,Japan
Donni,Jochens,djochensi8@upenn.edu,83799.59,GBP,Armenia
Sela,Wakefield,swakefieldi9@issuu.com,140949.5,EUR,Brazil
Wilow,Hedditch,whedditchia@unicef.org,146243.86,EUR,Indonesia
Antonin,Felstead,afelsteadib@naver.com,78510.81,JPY,Portugal
Isa,Izod,iizodic@rambler.ru,77137.09,EUR,Sweden
Angus,Aberkirdo,aaberkirdoid@columbia.edu,48510.38,GBP,Sweden
Nathalia,Benoy,nbenoyie@gov.uk,78116.94,USD,China
Carmelle,Stopforth,cstopforthif@oaic.gov.au,75639.43,EUR,Philippines
Caralie,Poznan,cpoznanig@amazon.de,77629.68,GBP,Peru
Lindie,Gilhouley,lgilhouleyih@amazon.com,49302.46,GBP,Estonia
Washington,Corn,wcornii@wisc.edu,94444.27,GBP,Argentina
Addia,Cowburn,acowburnij@lycos.com,83185.9,GBP,Serbia
Elvis,Costa,ecostaik@ow.ly,128624.46,EUR,Ukraine
Neddie,Preedy,npreedyil@unesco.org,137904.67,GBP,Indonesia
Ernaline,Tweedlie,etweedlieim@deliciousdays.com,96954.76,GBP,Brazil
Natala,Cow,ncowin@theatlantic.com,59030.83,USD,Morocco
Reggie,Powney,rpowneyio@unicef.org,85689.44,JPY,Brazil
Avis,Mildenhall,amildenhallip@instagram.com,34686.5,EUR,Morocco
Kingston,Callar,kcallariq@buzzfeed.com,57910.74,JPY,China
Linc,Sporrij,lsporrijir@newsvine.com,92117.53,EUR,Ukraine
James,Chesnay,jchesnayis@apache.org,137833.69,JPY,Pakistan
Kerrill,Jagger,kjaggerit@gizmodo.com,52163.38,JPY,Brazil
Calla,Stockhill,cstockhilliu@amazon.co.uk,75612.53,JPY,Philippines
Deane,Chinnick,dchinnickiv@pagesperso-orange.fr,137130.62,GBP,Kenya
Darryl,Coleford,dcolefordiw@homestead.com,98108.23,USD,China
Belicia,Belasco,bbelascoix@skyrock.com,39484.52,GBP,Lithuania
Elianore,Twigg,etwiggiy@about.com,129957.9,JPY,China
Jeremiah,Steade,jsteadeiz@marriott.com,53993.4,GBP,Argentina
Myrna,Carrabot,mcarrabotj0@pen.io,58772.75,EUR,Croatia
Frederique,Oakenfall,foakenfallj1@goo.ne.jp,131396.97,USD,China
Crin,Billie,cbilliej2@phoca.cz,38510.43,USD,Philippines
Willabella,McCahill,wmccahillj3@paypal.com,103645.32,JPY,Philippines
Alleen,Malinson,amalinsonj4@dell.com,55642.08,USD,Japan
Kaile,Sainter,ksainterj5@usatoday.com,77655.96,USD,Ukraine
Chalmers,Kale,ckalej6@bloomberg.com,88053.26,USD,Brazil
Michal,Geistbeck,mgeistbeckj7@bing.com,51022.97,USD,France
Gilda,Morter,gmorterj8@delicious.com,147764.85,EUR,Sweden
Rodney,Ibbotson,ribbotsonj9@quantcast.com,84443.84,EUR,China
Meridith,Lundon,mlundonja@samsung.com,58887.89,EUR,Thailand
Josefa,Causon,jcausonjb@washingtonpost.com,82288.16,USD,China
Camel,Nairy,cnairyjc@yahoo.com,68631.99,GBP,France
Aili,Cashman,acashmanjd@nydailynews.com,97350.93,EUR,Sweden
Laetitia,Dmitrievski,ldmitrievskije@nytimes.com,56422.69,USD,Nigeria
Melany,Kalaher,mkalaherjf@comsenz.com,98423.52,USD,Indonesia
Marve,Aysh,mayshjg@google.co.jp,73231.34,GBP,Vietnam
Quintus,Rostron,qrostronjh@hatena.ne.jp,106646.6,GBP,Philippines
Clemmie,Sydes,csydesji@vk.com,146966.01,USD,Poland
Grazia,Moorfield,gmoorfieldjj@mayoclinic.com,147204.08,EUR,Mongolia
Padriac,McGannon,pmcgannonjk@ucla.edu,32894.37,USD,Canada
Hermina,Muddimer,hmuddimerjl@geocities.jp,127022.38,GBP,Indonesia
Jayne,Arundel,jarundeljm@uol.com.br,84216.73,EUR,Costa Rica
Giacinta,Leadbetter,gleadbetterjn@mozilla.org,83504.92,EUR,Ukraine
Kristin,Howford,khowfordjo@dagondesign.com,135822.5,GBP,China
Ninnette,Durie,nduriejp@de.vu,143531.41,EUR,France
Jasmina,Witter,jwitterjq@webmd.com,92537.78,USD,Portugal
Luce,Bernetti,lbernettijr@ask.com,36049.4,GBP,Peru
Donnie,Pennini,dpenninijs@clickbank.net,92653.73,EUR,Russia
Rich,Servant,rservantjt@baidu.com,104255.62,EUR,Indonesia
Bethena,Satchel,bsatchelju@psu.edu,79681.34,GBP,Vietnam
Zorina,Temporal,ztemporaljv@canalblog.com,123228.88,GBP,Comoros
Keene,Boggs,kboggsjw@gmpg.org,37429.87,EUR,South Africa
Stephan,Dunckley,sdunckleyjx@virginia.edu,129510.25,USD,Angola
Hilliary,Staining,hstainingjy@oracle.com,76848.07,GBP,Brazil
Else,Newell,enewelljz@ed.gov,133355.38,GBP,Philippines
Marya,Willcocks,mwillcocksk0@un.org,120169.01,JPY,France
Larissa,Elecum,lelecumk1@vinaora.com,111374.53,EUR,Poland
Dora,Jentet,djentetk2@dailymotion.com,109810.6,GBP,Czech Republic
Keslie,Emmot,kemmotk3@ebay.co.uk,63287.18,JPY,France
Talbert,Binner,tbinnerk4@google.com.br,41570.78,GBP,Portugal
Arney,Ledwich,aledwichk5@qq.com,88164.35,EUR,China
Elita,Unstead,eunsteadk6@seattletimes.com,149414.33,USD,Russia
Gisella,Riseley,griseleyk7@archive.org,68868.08,GBP,Brazil
Torin,McCrackem,tmccrackemk8@imdb.com,105842.95,USD,Hungary
Angela,Henke,ahenkek9@pinterest.com,35052.55,USD,China
Hilly,Bucktrout,hbucktroutka@bing.com,42004.37,GBP,Afghanistan
Erin,Scowen,escowenkb@gov.uk,141182.73,GBP,Russia
Anabella,Kimber,akimberkc@nbcnews.com,56922.88,USD,Sweden
Helen,Spering,hsperingkd@unblog.fr,82088.9,EUR,China
Randall,Bulcock,rbulcockke@tumblr.com,145822.04,JPY,Zambia
Daisie,Huguenet,dhuguenetkf@phoca.cz,145933.75,GBP,China
Dominga,Heisham,dheishamkg@google.co.jp,138117.3,JPY,Norway
Corbet,Pragnell,cpragnellkh@virginia.edu,81096.7,JPY,Sweden
Issiah,Heale,ihealeki@ocn.ne.jp,77054.46,JPY,Tanzania
Marni,Hammell,mhammellkj@issuu.com,132575.21,GBP,Brazil
Dorise,Benford,dbenfordkk@sphinn.com,102089.66,USD,Russia
Daven,Sholem,dsholemkl@shinystat.com,147923.73,GBP,Poland
Jayme,Cauley,jcauleykm@nyu.edu,94028.98,GBP,China
Kacey,Giroldo,kgiroldokn@pcworld.com,97600.42,GBP,Colombia
Rosetta,Demonge,rdemongeko@furl.net,48852.54,GBP,Hungary
Cecelia,Glencrash,cglencrashkp@cpanel.net,137910.06,JPY,Maldives
Karee,Raimbauld,kraimbauldkq@vimeo.com,62671.64,JPY,Guatemala
Paolina,Szymanowicz,pszymanowiczkr@squarespace.com,147264.36,GBP,Saint Kitts and Nevis
Sandro,Kretschmer,skretschmerks@engadget.com,114696.48,JPY,Gambia
Nickola,Peppin,npeppinkt@bizjournals.com,114695.54,USD,Poland
Lishe,Fuge,lfugeku@oakley.com,119201.13,USD,Russia
Zoe,Doree,zdoreekv@addthis.com,32947.36,USD,Indonesia
Sampson,Meates,smeateskw@cnet.com,105129.41,USD,Netherlands
Katerina,Burgen,kburgenkx@blogtalkradio.com,139756.09,EUR,Philippines
Antonino,Broadbent,abroadbentky@sciencedaily.com,113881.05,EUR,China
Legra,Coldrick,lcoldrickkz@cnet.com,115767.57,USD,Ukraine
Elyn,Deniso,edenisol0@vk.com,73405.16,USD,China
Roarke,Llewellyn,rllewellynl1@jimdo.com,118605.83,USD,Czech Republic
Stephanus,Hext,shextl2@sourceforge.net,94821.86,USD,Peru
Merlina,Ambler,mamblerl3@nyu.edu,115162.47,JPY,Netherlands
Gaelan,Seebert,gseebertl4@mlb.com,36186.08,EUR,China
Felice,Mullender,fmullenderl5@macromedia.com,74270.42,GBP,Peru
Beale,Bellchamber,bbellchamberl6@house.gov,85981.98,JPY,China
Grove,Burborough,gburboroughl7@seattletimes.com,46324.49,JPY,Croatia
Bryant,Sign,bsignl8@photobucket.com,128365.23,USD,Mauritius
Emlyn,Luxon,eluxonl9@bravesites.com,127374.06,USD,China
Dasi,Howkins,dhowkinsla@mediafire.com,87841.73,GBP,Kenya
Dorisa,Tower,dtowerlb@about.me,63752.79,GBP,China
Eddy,Letham,elethamlc@chicagotribune.com,96304.88,JPY,Japan
Andree,Brymham,abrymhamld@deliciousdays.com,37369.32,GBP,Poland
Valentine,Mylchreest,vmylchreestle@nationalgeographic.com,94311.21,JPY,Israel
Rosemaria,Breyt,rbreytlf@ca.gov,144195.52,JPY,China
Andria,Verralls,averrallslg@imdb.com,95731.72,USD,Vietnam
Kathie,Lanchbury,klanchburylh@imageshack.us,53033.36,GBP,Armenia
Bunnie,Molineaux,bmolineauxli@chicagotribune.com,143087.26,GBP,Pakistan
Bettine,Rothman,brothmanlj@myspace.com,65038.07,GBP,China
Rasla,Bergstram,rbergstramlk@businessweek.com,64259.71,GBP,Morocco
Marys,Fellman,mfellmanll@umn.edu,119414.56,EUR,China
Gan,Kaming,gkaminglm@last.fm,78695.72,EUR,Ukraine
Hube,Pimley,hpimleyln@issuu.com,138405.43,GBP,France
Milo,Plet,mpletlo@discuz.net,62991.77,GBP,China
Emelyne,Walsh,ewalshlp@biglobe.ne.jp,53264.55,GBP,Mexico
Shepard,Algy,salgylq@typepad.com,54022.39,JPY,Indonesia
Mirabelle,Bignold,mbignoldlr@desdev.cn,100188.38,EUR,Indonesia
Fay,Oxbrow,foxbrowls@boston.com,50105.12,JPY,Botswana
Gerty,Bretherton,gbrethertonlt@aol.com,112796.91,USD,China
Findley,Fletham,fflethamlu@issuu.com,77909.81,JPY,Ireland
Tiffanie,Andrusov,tandrusovlv@google.pl,133934.16,GBP,Indonesia
Hillie,Trymme,htrymmelw@barnesandnoble.com,82134.64,USD,United States
Theda,Adriano,tadrianolx@stumbleupon.com,143307.87,GBP,China
Gerard,Brewett,gbrewettly@baidu.com,124850.22,USD,Russia
Steffane,Iwanicki,siwanickilz@sfgate.com,43971.8,JPY,Yemen
Cornelia,Inderwick,cinderwickm0@ebay.co.uk,110177.43,EUR,China
Maudie,Ianni,miannim1@github.io,146281.06,JPY,China
Conney,Michie,cmichiem2@yandex.ru,59625.49,GBP,Indonesia
Stanwood,Rochewell,srochewellm3@privacy.gov.au,30664.24,JPY,Spain
Michael,Simon,msimonm4@ustream.tv,100432.51,USD,Indonesia
Denna,Renzo,drenzom5@dailymail.co.uk,40413.0,JPY,Honduras
Christine,Clewlowe,cclewlowem6@mlb.com,121116.12,EUR,Portugal
Cordelie,Easdon,ceasdonm7@qq.com,144281.6,EUR,Russia
Norris,Roscamp,nroscampm8@google.ca,92879.84,GBP,Philippines
Cross,Mila,cmilam9@tripadvisor.com,128236.96,EUR,Kazakhstan
Goraud,Garlett,ggarlettma@walmart.com,149688.3,GBP,Guatemala
Claudell,Christofle,cchristoflemb@ebay.co.uk,90037.17,JPY,Russia
Melissa,Farherty,mfarhertymc@mozilla.com,47681.62,USD,Russia
Raquela,Bilam,rbilammd@nydailynews.com,58929.89,GBP,Czech Republic
Horace,Patron,hpatronme@army.mil,36935.33,GBP,Russia
Andres,Taig,ataigmf@latimes.com,84670.74,EUR,China
Roscoe,Hanselmann,rhanselmannmg@jalbum.net,85913.38,JPY,Poland
Cynthy,Thandi,cthandimh@people.com.cn,104829.65,GBP,United States
Wade,Halleday,whalledaymi@umn.edu,104412.1,GBP,Poland
Merle,Connop,mconnopmj@phpbb.com,100742.43,USD,Cambodia
Krissie,Iveagh,kiveaghmk@timesonline.co.uk,49639.47,USD,China
Nikolaus,Piotrkowski,npiotrkowskiml@boston.com,59626.68,GBP,Ukraine
Devland,Worsall,dworsallmm@umich.edu,147813.85,JPY,Philippines
Bernadene,Bettam,bbettammn@dyndns.org,109334.56,GBP,France
Kathye,Batie,kbatiemo@hibu.com,126812.89,JPY,Brazil
Hardy,Bingell,hbingellmp@ibm.com,78341.24,GBP,Indonesia
Law,Graalmans,lgraalmansmq@ca.gov,97428.54,JPY,Argentina
Nathaniel,Ruperti,nrupertimr@creativecommons.org,59150.45,USD,Sweden
Adelle,Huebner,ahuebnerms@theglobeandmail.com,30694.7,USD,China
Gale,Grigorian,ggrigorianmt@privacy.gov.au,111939.31,GBP,Czech Republic
Marv,Fattorini,mfattorinimu@vkontakte.ru,103262.43,GBP,Ukraine
Edouard,Clopton,ecloptonmv@icio.us,131059.3,JPY,China
Chevalier,Bidmead,cbidmeadmw@w3.org,143916.94,GBP,Bulgaria
Bar,Hundall,bhundallmx@netlog.com,103735.8,EUR,China
Frankie,Harcarse,fharcarsemy@latimes.com,80457.98,EUR,China
Dag,Spraberry,dspraberrymz@surveymonkey.com,46566.11,EUR,Russia
Frederica,Bride,fbriden0@acquirethisname.com,111477.74,USD,China
Vinny,Fitter,vfittern1@opensource.org,54770.21,JPY,Russia
Skyler,Witard,switardn2@gizmodo.com,106004.93,GBP,Norway
Mercy,Skep,mskepn3@nyu.edu,64546.43,EUR,Indonesia
Meryl,Braam,mbraamn4@ftc.gov,59530.07,JPY,Japan
Caye,Hinkins,chinkinsn5@tmall.com,148047.36,GBP,China
Rooney,Mardee,rmardeen6@multiply.com,147947.78,JPY,Canada
Huntington,Legge,hleggen7@census.gov,77822.83,EUR,Indonesia
Brina,Pedrozzi,bpedrozzin8@utexas.edu,102932.76,GBP,Madagascar
Julia,Wyrill,jwyrilln9@bing.com,55726.03,EUR,Russia
Carleen,Whiffen,cwhiffenna@feedburner.com,62113.35,JPY,Philippines
Jeanie,Edgett,jedgettnb@tmall.com,139592.03,JPY,Poland
Lauraine,Haggish,lhaggishnc@dmoz.org,39863.29,GBP,Poland
Claudine,Gobell,cgobellnd@cornell.edu,68639.86,USD,Madagascar
Ingaborg,Ockenden,iockendenne@globo.com,63796.95,EUR,China
Kimberly,Baglow,kbaglownf@senate.gov,108960.13,USD,Indonesia
Bartholomeo,Drewett,bdrewettng@imgur.com,125065.89,JPY,Greece
Bentlee,Paxeford,bpaxefordnh@exblog.jp,102877.78,EUR,China
Peterus,Morrallee,pmorralleeni@xrea.com,107790.29,USD,Croatia
Chick,Gulland,cgullandnj@discuz.net,71018.2,JPY,Indonesia
Tonya,Livock,tlivocknk@slashdot.org,39781.37,EUR,Colombia
Raquela,Ariss,rarissnl@so-net.ne.jp,60701.62,GBP,Poland
Krissie,Witul,kwitulnm@tumblr.com,38774.95,GBP,Argentina
Elianore,Ateggart,eateggartnn@google.ca,127958.25,GBP,Indonesia
Ambrosi,Olivello,aolivellono@vimeo.com,103758.08,EUR,Indonesia
Peggy,Spearett,pspearettnp@reuters.com,126731.11,EUR,Portugal
Jessey,Bowyer,jbowyernq@cnn.com,88511.89,JPY,China
Patrick,Frayne,pfraynenr@opera.com,145850.16,USD,Philippines
Trevar,Jermyn,tjermynns@ftc.gov,98020.06,EUR,Uruguay
Alix,MacAlroy,amacalroynt@desdev.cn,125122.2,GBP,Philippines
Rafaello,Bettesworth,rbettesworthnu@washingtonpost.com,31978.33,EUR,Brazil
Christean,Muirden,cmuirdennv@soundcloud.com,103411.27,USD,Portugal
Roxy,Scales,rscalesnw@webs.com,96839.34,GBP,Russia
Evangelin,Foord,efoordnx@auda.org.au,112304.98,EUR,China
Noel,Hearfield,nhearfieldny@businessinsider.com,103060.79,EUR,Russia
Xylina,Daleman,xdalemannz@ovh.net,131617.9,JPY,Sweden
Corbet,Lound,cloundo0@accuweather.com,43402.22,EUR,United States
Ray,Dibbert,rdibberto1@usgs.gov,110550.57,JPY,Indonesia
Welch,Tavernor,wtavernoro2@amazon.de,41954.78,GBP,Hong Kong
Leif,Britland,lbritlando3@multiply.com,59096.15,JPY,Sweden
Gail,Makinson,gmakinsono4@bing.com,62878.1,GBP,China
Shaun,Piddlehinton,spiddlehintono5@networksolutions.com,37948.3,USD,Indonesia
Robbert,Piddick,rpiddicko6@e-recht24.de,41228.49,JPY,Palestinian Territory
Marice,Phlippsen,mphlippseno7@samsung.com,141956.65,JPY,Panama
Oona,Yitzovicz,oyitzoviczo8@lulu.com,108433.54,GBP,Poland
Marwin,Charke,mcharkeo9@google.co.jp,49130.88,GBP,Poland
Mirilla,Jonah,mjonahoa@rakuten.co.jp,39616.95,GBP,United States
Chadd,Pfaff,cpfaffob@dagondesign.com,118507.38,GBP,Russia
Verile,Dallender,vdallenderoc@samsung.com,38846.15,JPY,Cyprus
Chandal,Asman,casmanod@springer.com,79693.2,JPY,Poland
Wilek,Pacht,wpachtoe@slideshare.net,132049.39,EUR,Norway
Marja,McLoughlin,mmcloughlinof@netscape.com,31777.33,GBP,United States
Kellen,Chessil,kchessilog@cloudflare.com,94275.11,EUR,Vietnam
Leoine,Lee,lleeoh@slate.com,45552.03,USD,Egypt
Caz,Palethorpe,cpalethorpeoi@who.int,79139.32,USD,Yemen
Isa,Trinbey,itrinbeyoj@nhs.uk,145657.4,EUR,Indonesia
Klarrisa,Fleote,kfleoteok@oakley.com,137171.54,JPY,Japan
Shaine,Garretson,sgarretsonol@google.fr,139164.29,GBP,Croatia
Shana,Shurmer,sshurmerom@cargocollective.com,129215.67,EUR,China
Abbi,Issakov,aissakovon@skype.com,40563.53,JPY,Indonesia
Maxy,Pardal,mpardaloo@google.nl,78771.0,USD,Indonesia
Victoir,Chawkley,vchawkleyop@seattletimes.com,86866.04,GBP,Latvia
Dan,Shawel,dshaweloq@nasa.gov,79286.6,GBP,Finland
Janetta,Assante,jassanteor@acquirethisname.com,38942.0,USD,Poland
Byrann,Smye,bsmyeos@dailymail.co.uk,106220.25,USD,China
Delcine,Tooth,dtoothot@hexun.com,98478.43,EUR,Palestinian Territory
Clement,Kilrow,ckilrowou@hhs.gov,44861.03,GBP,China
Bertrando,Prazor,bprazorov@eepurl.com,145385.01,JPY,Uzbekistan
Nichole,Episcopi,nepiscopiow@ifeng.com,125541.19,GBP,France
Mil,Buie,mbuieox@vkontakte.ru,51591.5,USD,Syria
Gilburt,Bauduin,gbauduinoy@ucla.edu,137919.17,JPY,Indonesia
Shoshana,Lakes,slakesoz@opensource.org,90676.28,USD,Brazil
Deni,Duckitt,dduckittp0@sogou.com,131765.61,EUR,France
Leta,Wildber,lwildberp1@berkeley.edu,85307.94,JPY,Bulgaria
Lenee,Filde,lfildep2@liveinternet.ru,128067.58,GBP,Brazil
Harley,Galia,hgaliap3@i2i.jp,79112.6,GBP,Colombia
Alisha,Kasper,akasperp4@hatena.ne.jp,96314.01,GBP,Poland
Judi,Oakeshott,joakeshottp5@privacy.gov.au,90476.82,GBP,Netherlands
Rodger,Bour,rbourp6@tripod.com,147401.14,EUR,Indonesia
Kimbell,Leeming,kleemingp7@prnewswire.com,100980.96,EUR,Netherlands
Ansell,Rheaume,arheaumep8@slashdot.org,104703.92,JPY,Portugal
Gerti,Braybrook,gbraybrookp9@harvard.edu,102774.15,GBP,United States
Erastus,Cashley,ecashleypa@booking.com,115689.92,GBP,China
Antoine,Critchard,acritchardpb@mapquest.com,126047.02,GBP,Madagascar
Carlynn,Giffkins,cgiffkinspc@hao123.com,37788.57,JPY,Sweden
Ileana,Oakenfull,ioakenfullpd@4shared.com,99966.68,GBP,France
Arvin,Carlett,acarlettpe@eventbrite.com,127911.75,EUR,Indonesia
Alisha,Gready,agreadypf@netscape.com,100076.12,GBP,Albania
Eliot,Mandrey,emandreypg@shutterfly.com,44821.63,JPY,Armenia
Darleen,Dunbavin,ddunbavinph@xinhuanet.com,32251.59,EUR,Czech Republic
Lethia,Troillet,ltroilletpi@time.com,97242.86,USD,Indonesia
Celka,Cawsy,ccawsypj@about.me,41168.0,USD,Macedonia
Franciskus,Prinn,fprinnpk@hp.com,108956.01,USD,France
Nicholle,Tart,ntartpl@infoseek.co.jp,128353.19,GBP,Honduras
Luis,Winsiowiecki,lwinsiowieckipm@barnesandnoble.com,119628.42,USD,Kenya
Nanice,Theuff,ntheuffpn@ebay.com,123094.12,EUR,Indonesia
Terri,Auckland,taucklandpo@prweb.com,139465.27,EUR,Belarus
Lottie,Schuelcke,lschuelckepp@dot.gov,134426.94,USD,Indonesia
Boniface,Baudi,bbaudipq@cocolog-nifty.com,81684.54,EUR,China
Donelle,Goodchild,dgoodchildpr@arizona.edu,97134.94,JPY,Germany
Easter,Kimberly,ekimberlyps@yellowpages.com,142966.45,JPY,Palestinian Territory
Violette,Pevsner,vpevsnerpt@typepad.com,94837.13,USD,Brazil
Mandie,Terrell,mterrellpu@nasa.gov,140889.51,USD,China
Susanne,Otto,sottopv@fc2.com,139779.31,JPY,Honduras
Arny,Simco,asimcopw@bbb.org,101432.07,GBP,Brazil
Reinhold,Judge,rjudgepx@cloudflare.com,58249.32,JPY,United States
Modesty,Meeus,mmeeuspy@icio.us,99884.7,JPY,Brazil
Joseito,Heard,jheardpz@angelfire.com,41394.32,USD,United States
Gabe,Zoane,gzoaneq0@cnbc.com,89279.26,GBP,Ecuador
Nari,Boater,nboaterq1@quantcast.com,65363.29,GBP,Madagascar
Salim,Mayward,smaywardq2@dion.ne.jp,142516.34,EUR,Venezuela
Bo,Ditts,bdittsq3@opensource.org,103837.51,EUR,France
Lacy,Darrach,ldarrachq4@biglobe.ne.jp,39798.75,EUR,Philippines
Isadora,MacCallum,imaccallumq5@admin.ch,111316.96,USD,Indonesia
Carolina,Oxteby,coxtebyq6@businesswire.com,127066.6,JPY,Republic of the Congo
Raul,Yoell,ryoellq7@stumbleupon.com,55658.87,GBP,Czech Republic
Desdemona,Vyvyan,dvyvyanq8@miibeian.gov.cn,149305.1,EUR,China
Frankie,Fritschel,ffritschelq9@examiner.com,146123.68,JPY,Mauritius
Noe,Yanov,nyanovqa@wiley.com,49217.32,EUR,United States
Odella,Bolan,obolanqb@google.fr,45491.32,JPY,Thailand
Charlie,Zavattiero,czavattieroqc@t-online.de,149031.93,EUR,Sweden
Kenna,Sabberton,ksabbertonqd@live.com,69663.22,USD,Tajikistan
Jessica,Gilli,jgilliqe@skyrock.com,145829.13,EUR,Sweden
Marys,Genty,mgentyqf@tmall.com,86707.67,JPY,Brazil
Gwenneth,Prazer,gprazerqg@msu.edu,89673.78,JPY,Belarus
Patrizio,Dane,pdaneqh@mysql.com,39412.67,JPY,Democratic Republic of the Congo
Antonius,Calvert,acalvertqi@free.fr,142928.92,GBP,Netherlands
Wilton,Dowglass,wdowglassqj@noaa.gov,77440.68,EUR,Greece
Pansy,Orteau,porteauqk@telegraph.co.uk,132453.32,JPY,Sudan
Erna,Willmer,ewillmerql@blogtalkradio.com,149060.9,EUR,Indonesia
Wald,Lafaye,wlafayeqm@java.com,39616.25,EUR,China
Katrinka,Pirolini,kpiroliniqn@springer.com,53452.24,EUR,Finland
Wendall,Zumbusch,wzumbuschqo@tmall.com,116693.57,EUR,Indonesia
Ramsay,Bonder,rbonderqp@jugem.jp,105004.09,EUR,Zimbabwe
Bernie,Langmuir,blangmuirqq@edublogs.org,70484.94,USD,China
Leigha,Rapp,lrappqr@geocities.com,91427.99,GBP,China
Millie,Dysert,mdysertqs@google.com.br,40488.0,GBP,Sweden
Alyssa,Munday,amundayqt@hc360.com,143171.42,EUR,Russia
Shalna,Sumshon,ssumshonqu@twitter.com,144173.86,USD,Poland
Cornie,Albasini,calbasiniqv@eepurl.com,69219.09,GBP,Cameroon
Kilian,Goodluck,kgoodluckqw@facebook.com,109480.89,JPY,China
Farrel,Randles,frandlesqx@mac.com,107897.53,GBP,Indonesia
Rice,Challenger,rchallengerqy@mozilla.com,144840.01,EUR,China
Rayna,O'Hengerty,rohengertyqz@ask.com,117492.98,EUR,Portugal
Tressa,Baud,tbaudr0@china.com.cn,76714.81,GBP,Indonesia
Fair,Loalday,floaldayr1@apple.com,141747.56,USD,France
Kennedy,Standley,kstandleyr2@creativecommons.org,65846.98,JPY,Belarus
Silvia,Leakner,sleaknerr3@bbc.co.uk,103224.86,JPY,Brazil
Towney,Cuell,tcuellr4@comsenz.com,137052.6,JPY,Sweden
Ansel,Stirland,astirlandr5@umn.edu,46927.58,USD,China
Connor,Deluce,cdelucer6@statcounter.com,130705.55,USD,Slovenia
Jules,Leggate,jleggater7@last.fm,141472.52,JPY,China
Orsola,Wellman,owellmanr8@europa.eu,79069.2,JPY,Guatemala
Rossie,Wormstone,rwormstoner9@google.de,128455.14,JPY,China
Shirl,Bosley,sbosleyra@adobe.com,64951.08,USD,Indonesia
Laina,Lay,llayrb@nationalgeographic.com,143912.39,GBP,Russia
Katinka,Brymner,kbrymnerrc@mysql.com,39773.11,EUR,South Korea
Genia,Dumberell,gdumberellrd@reuters.com,120194.68,EUR,Indonesia
Cristy,Stefi,cstefire@ft.com,121020.37,GBP,Netherlands
Frederick,Lardier,flardierrf@hao123.com,48174.76,EUR,Sweden
Rebecka,Pepperd,rpepperdrg@usgs.gov,33543.93,USD,Sweden
Julieta,Goodnow,jgoodnowrh@apache.org,100935.72,EUR,South Korea
Libbey,Dalglish,ldalglishri@fotki.com,71613.29,GBP,Indonesia
Nonie,Strattan,nstrattanrj@diigo.com,128619.85,GBP,China
Paton,Cubley,pcubleyrk@furl.net,91801.09,GBP,Sweden
Edgard,Orgel,eorgelrl@globo.com,93221.95,GBP,Argentina
Ruperta,Metcalfe,rmetcalferm@360.cn,37884.8,USD,Colombia
Shell,Huggett,shuggettrn@de.vu,108277.66,GBP,Russia
Gavra,Barnhill,gbarnhillro@acquirethisname.com,136657.86,GBP,Indonesia
Silvanus,Hanner,shannerrp@yolasite.com,35970.76,EUR,France
Ginnie,Rannigan,granniganrq@google.ca,72341.73,GBP,Brazil
Shaylynn,Debrick,sdebrickrr@elpais.com,40642.25,GBP,Mexico
